transaction_id,account_number,customer_name,transaction_date,transaction_type,amount,balance_after_transaction,merchant_category,branch_code,payment_mode
TXN2026000,9843616422,Diya Rao,2026-03-26,Credit,27426.91,350372.97,Transfer,HYD007,NEFT
TXN2026001,3892429695,Arjun Reddy,2026-03-18,Credit,6702.68,317934.21,Fuel,BLR001,Cash
TXN2026002,7594425123,Aditya Kapoor,2026-03-19,Debit,11613.09,156240.21,Shopping,BLR001,NEFT
TXN2026003,4632227969,Meera Gupta,2026-03-24,Credit,27879.02,140345.65,Transfer,BLR002,IMPS
TXN2026004,1354171314,Neha Iyer,2026-03-02,Credit,62630.76,196254.19,Transfer,CHN003,IMPS
TXN2026005,1206656800,Meera Rao,2026-03-12,Debit,17077.2,148329.11,Groceries,MUM010,Cheque
TXN2026006,4819569821,Rahul Joshi,2026-03-02,Debit,58707.84,379597.67,Entertainment,DEL005,Cheque
TXN2026007,6631761426,Aditya Reddy,2026-03-05,Debit,6268.98,395403.18,Transfer,MUM010,Cash
TXN2026008,9319359167,Vivaan Rao,2026-03-17,Credit,62988.4,247995.02,Salary,CHN003,UPI
TXN2026009,3250472401,Arjun Iyer,2026-03-19,Credit,53652.52,118846.08,Insurance,BLR001,Cheque
TXN2026010,2089857076,Simran Joshi,2026-03-27,Debit,6711.38,246472.72,Fuel,HYD007,NEFT
TXN2026011,1694431227,Diya Menon,2026-03-13,Debit,3274.13,378351.57,Fuel,MUM010,Cash
TXN2026012,3953781553,Aditya Nair,2026-03-25,Debit,18934.89,272997.71,Fuel,CHN003,Cheque
TXN2026013,2905372212,Karan Sharma,2026-03-13,Debit,13524.11,8255.14,Salary,DEL005,Card
TXN2026014,8976259111,Rahul Joshi,2026-03-02,Debit,48588.02,44260.86,Groceries,HYD007,Cheque
TXN2026015,2549908045,Kavya Gupta,2026-03-03,Credit,35380.85,192544.13,Salary,BLR002,UPI
TXN2026016,1788786955,Aryan Reddy,2026-03-26,Debit,43022.11,421394.33,Transfer,CHN003,IMPS
TXN2026017,9320266844,Priya Reddy,2026-03-13,Debit,21460.36,214097.14,Insurance,MUM010,UPI
TXN2026018,3062663643,Rohan Menon,2026-03-07,Credit,73379.74,311960.36,Transfer,HYD007,Cash
TXN2026019,9130475752,Rohan Reddy,2026-03-02,Credit,7749.13,282403.08,Utilities,CHN003,NEFT
TXN2026020,1564175336,Neha Gupta,2026-03-07,Credit,49754.07,40910.71,Shopping,DEL005,Cash
TXN2026021,5651009559,Vivaan Reddy,2026-03-28,Debit,39910.64,239048.26,Entertainment,BLR002,UPI
TXN2026022,8918685087,Diya Sharma,2026-03-05,Debit,74241.64,216103.65,Insurance,BLR001,Card
TXN2026023,3509667721,Aarav Iyer,2026-03-12,Credit,71618.69,229252.49,Groceries,BLR002,Card
TXN2026024,9107424227,Kabir Joshi,2026-03-09,Debit,36023.91,455406.25,Utilities,HYD007,Cash
TXN2026025,2249229327,Yash Joshi,2026-03-22,Debit,33655.77,150022.73,Groceries,BLR002,UPI
TXN2026026,2987938670,Rohan Menon,2026-03-12,Debit,26814.13,488738.68,Entertainment,HYD007,UPI
TXN2026027,9518039925,Arjun Nair,2026-03-18,Credit,12971.3,236276.64,Insurance,BLR002,Card
TXN2026028,7975303043,Priya Rao,2026-03-02,Credit,51170.05,239118.45,Transfer,BLR001,UPI
TXN2026029,3894148832,Rohan Joshi,2026-03-14,Debit,66524.7,356319.15,Groceries,BLR001,IMPS
TXN2026030,4021845292,Meera Iyer,2026-03-17,Debit,35767.22,238811.8,Groceries,MUM010,UPI
TXN2026031,6938125583,Yash Gupta,2026-03-11,Credit,68828.65,30055.63,Dining,HYD007,IMPS
TXN2026032,8648585875,Karan Rao,2026-03-20,Credit,18461.5,281308.68,Utilities,CHN003,Cash
TXN2026033,6508761826,Vivaan Kapoor,2026-03-01,Credit,20104.41,43797.12,Dining,DEL005,UPI
TXN2026034,6769748928,Kabir Reddy,2026-03-03,Debit,71639.92,464698.69,Groceries,BLR001,NEFT
TXN2026035,4961546438,Simran Nair,2026-03-20,Debit,68966.51,156014.3,Insurance,BLR002,Cash
TXN2026036,3630611947,Ishaan Gupta,2026-03-19,Credit,38477.59,466899.26,ATM Withdrawal,BLR001,Cash
TXN2026037,4648697650,Rahul Rao,2026-03-03,Credit,41353.69,259539.33,ATM Withdrawal,HYD007,Cash
TXN2026038,3894012020,Vivaan Kapoor,2026-03-18,Debit,26555.29,390765.59,Transfer,BLR002,Cheque
TXN2026039,3562594430,Rahul Reddy,2026-03-08,Credit,2235.89,253449.4,Entertainment,BLR001,NEFT
TXN2026040,5198197025,Kabir Nair,2026-03-15,Debit,28174.66,105727.43,Transfer,BLR002,NEFT
TXN2026041,2050335186,Ishaan Sharma,2026-03-29,Debit,73883.31,498538.8,ATM Withdrawal,BLR001,IMPS
TXN2026042,7862971584,Ananya Nair,2026-03-06,Credit,38161.92,317371.56,Fuel,CHN003,Cheque
TXN2026043,9286066599,Neha Iyer,2026-03-12,Debit,60557.46,225563.44,Salary,BLR001,Cash
TXN2026044,5592554300,Ananya Sharma,2026-03-24,Credit,12150.96,470153.68,Salary,CHN003,UPI
TXN2026045,5056004431,Rohan Sharma,2026-03-11,Debit,55088.84,278447.31,Entertainment,BLR001,UPI
TXN2026046,7240822466,Diya Iyer,2026-03-25,Debit,44312.99,203429.13,ATM Withdrawal,HYD007,NEFT
TXN2026047,7476882655,Aarav Menon,2026-03-21,Debit,74001.19,99728.25,Groceries,BLR001,Card
TXN2026048,9482099936,Aarav Verma,2026-03-17,Credit,23457.87,167187.48,ATM Withdrawal,CHN003,IMPS
TXN2026049,2676576439,Meera Gupta,2026-03-09,Debit,35042.55,405890.85,ATM Withdrawal,DEL005,IMPS
